{
	"builds": [
		{
			"name": "OneStopBuild",
			"version": "1.0",
			"url": "https://www.dropbox.com/scl/fi/occ8bdp5wnglco63i20aa/Build.zip?rlkey=b55aqqf6k37e0l5hssg8rie14&dl=1",
			"icon": "https://www.dropbox.com/s/orh7yt6aqeu8ws2/icon-builds2.png?dl=1",
			"fanart": "https://www.dropbox.com/s/6cjvbbeo9og64ig/fanart-builds2.jpg?dl=1",
			"description": "The build."
		},
		{
			"name": "Build 2",
			"version": "1.0",
			"url": "http://",
			"icon": "http://",
			"fanart": "http://",
			"description": "The second build. No comma after the curly bracket if this is the last build."
		}
	]
}