<?xml version="1.0" encoding="UTF-8" standalone="yes"?>
<addon id="repository.onestop" name="[COLOR orange]OneStop[/COLOR][COLOR limegreen]Repo[/COLOR]" version="1.2" provider-name="OneStopKodi">
    <extension point="xbmc.addon.repository" name="OneStopRepo">
        <dir>
            <info compressed="false">https://raw.githubusercontent.com/Onestopkodi/repo/master/repo/zips/addons.xml</info>
            <checksum>https://raw.githubusercontent.com/Onestopkodi/repo/master/repo/zips/addons.xml.md5</checksum>
            <datadir zip="true">https://raw.githubusercontent.com/Onestopkodi/repo/master/repo/zips/</datadir>
        </dir>
    </extension>
    <extension point="xbmc.addon.metadata">
        <summary>[COLOR orange]OneStop[/COLOR][COLOR limegreen]Repo[/COLOR]</summary>
        <description>The official home of [COLOR orange]OneStop[/COLOR][COLOR limegreen]Repository[/COLOR]</description>
        <disclaimer></disclaimer>
        <platform>all</platform>
        <assets>
            <icon>icon.png</icon>
            <fanart>fanart.jpg</fanart>
        </assets>
    </extension>
</addon>