<?xml version="1.0" encoding="UTF-8" standalone="yes"?>
<addon id="plugin.program.skinchangeradvanced" name="[COLOR yellow]Switch[/COLOR] To [COLORdarkcyan]A[/COLOR]eonNox[COLORmaroon]M[/COLOR]OD" version="1.1" provider-name="OneStopKodi Thanks to the dev SpiralCut">
  <requires>
        <import addon="xbmc.python" version="3.0.0" />
</requires>
  <extension point="xbmc.python.pluginsource" library="default.py">
        <provides>executable</provides>
  </extension>
  <extension point="xbmc.addon.metadata">
    <summary lang="en">Skin Changer</summary>
    <description lang="en">Change to Aeon Nox Silvo [COLOR orange]OneStop[/COLOR][COLOR gray]MOD[/COLOR]</description>
    <platform>all</platform>
        <assets>
            <icon>icon.png</icon>
        </assets>
    </extension>
</addon>
